,ID,RECENT_DATE,TRANS_NUM,AVG_TRANS_AMT,TRANS_NUM_BEFORE
0,4356689447,20180125,0.0,0.0,0.0
1,5985727751,20180125,0.0,0.0,0.0
2,8221439519,20171211,0.0,0.0,0.0
3,6255360379,20171226,0.0,0.0,0.0
4,5985726631,20171203,0.0,0.0,0.0
5,6255360403,20180109,0.0,0.0,0.0
6,8221440591,20171208,0.0,0.0,0.0
7,8221439459,20171208,0.0,0.0,1.0
8,4373540587,20171204,0.0,0.0,0.0
9,8221438327,20171122,0.0,0.0,0.0
10,8221438387,20171123,0.0,0.0,0.0
11,6255358175,20180206,0.0,0.0,0.0
12,4373539491,20180210,0.0,0.0,0.0
13,6255359199,20180126,0.0,0.0,0.0
14,5137506867,20180210,0.0,0.0,0.0
15,5137506855,20180129,207.0,0.0,138.0
16,6851792819,20171125,0.0,0.0,0.0
17,4362308131,20180131,24.0,530232.0,84.0
18,7446429015,20180210,0.0,0.0,0.0
19,8491076627,20171128,1.0,50000.0,0.0
20,4362703403,20171205,0.0,0.0,0.0
21,8491075519,20180201,20.0,49666.6667,0.0
22,8221435907,20171211,0.0,0.0,0.0
23,4334214987,20180130,48.0,48000.0,36.0
24,4362301135,20171122,0.0,0.0,0.0
25,7103577783,20180115,27.0,54000.0,63.0
26,6339286107,20180125,0.0,0.0,0.0
27,5985721899,20180120,0.0,0.0,6.0
28,4412856783,20180123,0.0,0.0,0.0
29,4356682487,20180202,0.0,0.0,95.0
30,8221433595,20180205,0.0,0.0,0.0
31,6255357031,20171125,0.0,0.0,0.0
32,4351069631,20180129,432.0,0.0,216.0
33,6255357019,20171127,0.0,0.0,0.0
34,4356685883,20180210,0.0,0.0,0.0
35,4362731279,20180210,264.0,482760.24,288.0
36,8221436991,20180211,0.0,0.0,0.0
37,8760719623,20180211,0.0,0.0,0.0
38,8491085959,20180105,3.0,21600.0,0.0
39,8760718539,20180125,0.0,0.0,0.0
40,4396020863,20171226,780.0,68250.0,1053.0
41,7642861595,20180124,0.0,0.0,2.0
42,4345464999,20180112,25.0,1112468.5,68.0
43,6525005651,20180210,0.0,0.0,0.0
44,4356699887,20180123,0.0,0.0,6.0
45,6525004507,20180210,0.0,0.0,0.0
46,8633933595,20180131,4.0,0.0,0.0
47,4363285871,20180125,0.0,0.0,0.0
48,4334228919,20180129,2387.0,0.0,1755.0
49,7642860403,20171227,0.0,0.0,0.0
50,5407146491,20180210,0.0,0.0,0.0
51,8491083647,20180125,0.0,0.0,0.0
52,5407147515,20180110,0.0,0.0,0.0
53,8491083671,20180129,0.0,0.0,0.0
54,4407781311,20180204,0.0,0.0,0.0
55,5407151187,20180205,0.0,0.0,0.0
56,5407149911,20180104,0.0,0.0,0.0
57,7642864907,20180125,0.0,0.0,0.0
58,4351083611,20180116,32.0,0.0,28.0
59,6525006807,20180202,0.0,0.0,0.0
60,7917858123,20171201,0.0,0.0,0.0
61,4328614943,20180211,270.0,2100000.0,380.0
62,8514289503,20180125,0.0,0.0,0.0
63,6255365111,20171130,0.0,0.0,18.0
64,9289290639,20180211,1.0,3000.0,0.0
65,4335701103,20171211,0.0,0.0,0.0
66,8221445275,20180206,0.0,0.0,0.0
67,6255365063,20171127,0.0,0.0,0.0
68,7103587139,20180211,0.0,0.0,0.0
69,4351075483,20180210,0.0,0.0,0.0
70,4373545259,20171129,0.0,0.0,144.0
71,6525003351,20171230,38.0,0.0,48.0
72,8760716179,20180207,0.0,0.0,0.0
73,8760716203,20180125,0.0,0.0,0.0
74,8760716191,20180123,1.0,3000.0,0.0
75,5407145323,20180210,0.0,0.0,0.0
76,7642858079,20171129,0.0,0.0,0.0
77,8760715083,20180210,0.0,0.0,0.0
78,4334226679,20180210,0.0,0.0,0.0
79,5407144215,20171126,88.0,88000.0,64.0
80,8491080215,20171128,0.0,0.0,0.0
81,7642857007,20180131,0.0,0.0,15.0
82,6255367327,20180125,0.0,0.0,0.0
83,8760714023,20171222,1.0,500.0,0.0
84,6564294127,20180125,0.0,0.0,0.0
85,6564293019,20180210,0.0,0.0,0.0
86,5446436063,20180109,0.0,0.0,0.0
87,8800007991,20180125,0.0,0.0,0.0
88,8800007015,20180210,0.0,0.0,0.0
89,4328578975,20180209,90.0,475200.0,144.0
90,6482145243,20180208,1872.0,1287200.002,3444.0
91,8800006895,20180126,4.0,180000.0,0.0
92,8800005751,20171226,1.0,30000.0,0.0
93,4328578939,20180208,9972.0,49634245.0,17685.0
94,6564292863,20180125,0.0,0.0,0.0
95,8800006823,20180125,0.0,0.0,0.0
96,6833930223,20180117,12.0,141000.0,12.0
97,4367904611,20180210,0.0,0.0,0.0
98,7951788251,20180130,0.0,0.0,0.0
99,9069644207,20180119,1.0,0.0,0.0
100,4598217371,20171208,4.0,0.0,9.0
101,7951786107,20180210,0.0,0.0,0.0
102,6833930163,20180118,0.0,0.0,0.0
103,4339817403,20180205,1274.0,26476177.0,1536.0
104,4362285963,20180118,0.0,0.0,0.0
105,8626790599,20180205,0.0,0.0,0.0
106,4598215119,20180210,0.0,0.0,0.0
107,4379138307,20180116,9.0,0.0,5.0
108,8800009279,20180125,0.0,0.0,0.0
109,5446437243,20180125,0.0,0.0,0.0
110,6482146399,20180210,0.0,0.0,0.0
111,5117857023,20180210,0.0,0.0,0.0
112,4390372087,20171222,0.0,0.0,1.0
113,5446432415,20180210,0.0,0.0,0.0
114,8800003355,20180125,0.0,0.0,0.0
115,6564288251,20180210,0.0,0.0,0.0
116,8800002259,20180126,1.0,10060.0,0.0
117,7682145279,20180129,54.0,0.0,4.0
118,7682144123,20180125,0.0,0.0,0.0
119,4367895231,20171224,275.0,349525.0,855.0
120,8900005635,20180202,1.0,10000.0,0.0
121,8453574303,20180102,5.0,14095.0,0.0
122,6026799791,20180125,0.0,0.0,0.0
123,4362276703,20180112,427.0,0.0,516.0
124,8800000043,20180111,0.0,0.0,0.0
125,7682148699,20171204,2.0,10000.0,0.0
126,4367899867,20180201,432.0,6304836.0,493.0
127,6564291767,20171221,0.0,0.0,8.0
128,8800005739,20180210,0.0,0.0,0.0
129,7033936095,20180116,160.0,490476.6,110.0
130,7682147615,20180129,190.0,0.0,24.0
131,7682148675,20171228,0.0,0.0,3.0
132,4356664919,20180210,0.0,0.0,0.0
133,5446433571,20180115,198.0,99000.0,162.0
134,4345427803,20180125,0.0,0.0,0.0
135,8800003439,20180202,0.0,0.0,0.0
136,8221429091,20171122,1.0,40000.0,0.0
137,4345443023,20180210,0.0,0.0,0.0
138,7951796403,20171119,0.0,0.0,2.0
139,8221430163,20171115,0.0,0.0,0.0
140,7103572027,20180130,14.0,140000.0,18.0
141,4356677791,20180125,0.0,0.0,0.0
142,4345443963,20180112,63.0,0.0,57.0
143,4351060383,20180125,0.0,0.0,0.0
144,7103572087,20180112,15.0,0.0,9.0
145,4356676707,20180119,20.0,2000000.0,40.0
146,7951794199,20180123,9.0,19037.76,9.0
147,4373528871,20180210,0.0,0.0,0.0
148,8221432475,20171210,0.0,0.0,0.0
149,8221432463,20171115,0.0,0.0,0.0
150,9339289467,20180210,1.0,0.0,0.0
151,8221432487,20180210,14.0,17260.0,13.0
152,7103576579,20171124,0.0,0.0,0.0
153,4367914027,20180116,140.0,3500000.0,360.0
154,5716084743,20180210,0.0,0.0,0.0
155,4356679055,20180209,720.0,18226746.0,640.0
156,5985717383,20180129,24.0,0.0,18.0
157,7951797619,20180210,0.0,0.0,0.0
158,8792861563,20171225,0.0,0.0,0.0
159,7103573243,20180129,8.0,0.0,9.0
160,8221430235,20180203,1.0,30000.0,0.0
161,8221430259,20171125,0.0,0.0,0.0
162,9019648787,20180126,0.0,0.0,0.0
163,5716076603,20180112,24.0,0.0,21.0
164,7951789527,20180206,36.0,0.0,11.0
165,7951790551,20180210,0.0,0.0,0.0
166,9069645351,20180121,1.0,2000.0,0.0
167,9069646387,20180131,0.0,0.0,0.0
168,4328584803,20180209,0.0,0.0,70.0
169,4362288251,20180125,0.0,0.0,0.0
170,7516074315,20171213,1.0,20000.0,1.0
171,8200001091,20171206,0.0,0.0,1.0
172,4598222055,20180203,138.0,2761150.0,175.0
173,4373528859,20180211,108.0,384588.0,132.0
174,8200000019,20180205,0.0,0.0,0.0
175,4367909247,20180211,705.0,2177040.0,1275.0
176,9069649855,20180204,1.0,10000.0,0.0
177,4367909307,20180114,0.0,0.0,0.0
178,4345440567,20180211,0.0,0.0,0.0
179,7951791683,20180210,0.0,0.0,0.0
180,9069648663,20180130,0.0,0.0,0.0
181,7951791731,20180129,40.0,0.0,27.0
182,6873227827,20180102,10.0,60000.0,76.0
183,4339793043,20180114,6.0,600.0,6.0
184,4351027739,20180112,32.0,0.0,26.0
185,8260717399,20171212,0.0,0.0,0.0
186,4907147519,20180109,22.0,1133.0,18.0
187,4367879083,20180125,0.0,0.0,0.0
188,6025004511,20180125,0.0,0.0,0.0
189,4362261495,20180210,0.0,0.0,0.0
190,8260717339,20171216,0.0,0.0,0.0
191,6873226659,20180210,0.0,0.0,0.0
192,6025003451,20180130,0.0,0.0,0.0
193,6025003355,20180125,0.0,0.0,0.0
194,8776789467,20171224,1.0,100.0,0.0
195,4362265119,20180203,2318.0,77345275.34,1728.0
196,8260720795,20171214,0.0,0.0,0.0
197,8200004595,20180125,0.0,0.0,0.0
198,4395968483,20171121,0.0,0.0,0.0
199,8260719687,20171206,0.0,0.0,0.0
200,6025006775,20171226,0.0,0.0,0.0
201,8200004535,20180129,8.0,0.0,5.0
202,8260719639,20180211,0.0,0.0,0.0
203,9323216239,20180209,1.0,1.0,0.0
204,8523226659,20171218,1.0,15000.0,0.0
205,4356639523,20171125,0.0,0.0,0.0
206,4351022079,20180211,240.0,621200.0,273.0
207,8523224407,20180101,1.0,2000.0,0.0
208,4356639475,20180122,0.0,0.0,74.0
209,9108935935,20180211,0.0,0.0,0.0
210,7991077811,20180202,48.0,464000.0,50.0
211,8498220851,20180125,0.0,0.0,0.0
212,8696430191,20171229,0.0,0.0,0.0
213,6873220759,20180210,0.0,0.0,0.0
214,7991077751,20171122,0.0,0.0,0.0
215,4339786987,20180126,0.0,0.0,0.0
216,7991077775,20180210,0.0,0.0,0.0
217,8260715123,20171214,0.0,0.0,0.0
218,4373494167,20171225,0.0,0.0,0.0
219,4373494203,20180125,0.0,0.0,0.0
220,4373494191,20180210,0.0,0.0,0.0
221,8260716171,20171218,2.0,2000.0,6.0
222,6873225479,20180210,0.0,0.0,0.0
223,8487512739,20171230,1.0,3000.0,0.0
224,6025001115,20180129,76.0,560500.0,187.0
225,8260715039,20171212,0.0,0.0,0.0
226,7142857011,20180205,8.0,32000.0,12.0
227,4351023187,20180205,264.0,0.0,160.0
228,4367875519,20180210,0.0,0.0,0.0
229,4339804543,20180210,0.0,0.0,0.0
230,8530361491,20171227,2.0,9000.0,0.0
231,8200007979,20171201,1.0,5000.0,0.0
232,4356657043,20180210,0.0,0.0,0.0
233,4339804603,20180210,0.0,0.0,0.0
234,4362274403,20180104,21.0,276087.0,48.0
235,7412501091,20171129,0.0,0.0,0.0
236,4373502223,20180125,0.0,0.0,0.0
237,5900002347,20180209,7316.0,0.0,9504.0
238,6025008159,20180129,21.0,0.0,18.0
239,8260722143,20171212,0.0,0.0,0.0
240,6025008099,20180125,0.0,0.0,0.0
241,4367883683,20180126,0.0,0.0,0.0
242,8705099907,20180211,0.0,0.0,0.0
243,8530360455,20180209,0.0,0.0,0.0
244,4356653395,20171227,0.0,0.0,2.0
245,6294645267,20171204,0.0,0.0,0.0
246,4336181291,20180125,0.0,0.0,0.0
247,8260725539,20171123,0.0,0.0,0.0
248,8260724419,20171126,0.0,0.0,0.0
249,8530358143,20171217,0.0,0.0,0.0
250,4373503487,20180109,0.0,0.0,732.0
251,5485715039,20171202,0.0,0.0,0.0
252,6603572043,20180125,0.0,0.0,0.0
253,5216080183,20180125,0.0,0.0,0.0
254,4373473287,20180125,0.0,0.0,0.0
255,4830362691,20171123,0.0,0.0,0.0
256,4339770755,20180210,0.0,0.0,0.0
257,5216080135,20180129,27.0,0.0,27.0
258,4351003475,20180109,8.0,160000.0,20.0
259,4334152215,20180112,58.0,550030.095,64.0
260,5216079075,20171127,0.0,0.0,0.0
261,6603574379,20180129,0.0,0.0,0.0
262,7721431335,20180129,36.0,0.0,15.0
263,7721431395,20171229,4.0,0.0,8.0
264,5216083579,20180125,0.0,0.0,0.0
265,4339773211,20180210,0.0,0.0,0.0
266,5485717327,20180117,96.0,619040.0,60.0
267,4351006847,20180129,215.0,0.0,264.0
268,4351006883,20180127,48.0,0.0,126.0
269,4362241771,20180125,0.0,0.0,0.0
270,5485716195,20180210,0.0,0.0,0.0
271,8498216287,20171230,1.0,1000.0,0.0
272,4362235907,20180122,0.0,0.0,0.0
273,7182155759,20171210,0.0,0.0,0.0
274,7451788387,20171212,4.0,0.0,9.0
275,8569645367,20180113,11.0,63383.3334,0.0
276,7451788267,20180125,0.0,0.0,0.0
277,7182154519,20180210,0.0,0.0,0.0
278,8569645295,20171207,2.0,60000.0,0.0
279,7451787243,20171218,3.0,0.0,12.0
280,4356620811,20180129,144.0,0.0,138.0
281,7182158095,20171228,2.0,100.0,0.0
282,7182157023,20171129,0.0,0.0,1.0
283,7451792819,20180209,0.0,0.0,5.0
284,4356619631,20180210,0.0,0.0,1120.0
285,8498219719,20171130,1.0,14977.0,0.0
286,8569648679,20180206,0.0,0.0,0.0
287,4367853423,20180209,0.0,0.0,24.0
288,8569647583,20180125,0.0,0.0,0.0
289,7991073259,20171119,0.0,0.0,1.0
290,7991073283,20180210,0.0,0.0,0.0
291,5485725455,20180211,0.0,0.0,0.0
292,4339781387,20171206,320.0,320000.0,624.0
293,4412807991,20171214,0.0,0.0,0.0
294,7991073199,20180129,2.0,0.0,0.0
295,7721438331,20180125,0.0,0.0,0.0
296,7721438319,20180202,0.0,0.0,0.0
297,7721437211,20180125,0.0,0.0,0.0
298,7721437223,20180125,0.0,0.0,0.0
299,7991076619,20180210,0.0,0.0,0.0
300,4412810423,20180102,0.0,0.0,0.0
301,7991076667,20180211,2736.0,2068557.6919999998,5002.0
302,4351019719,20180129,611.0,0.0,780.0
303,6873219711,20180210,0.0,0.0,0.0
304,8487508151,20180125,0.0,0.0,0.0
305,9108932527,20180130,0.0,0.0,0.0
306,7991074427,20180210,0.0,0.0,0.0
307,4769651163,20180205,0.0,0.0,0.0
308,4367870799,20171223,0.0,0.0,796.0
309,9108932467,20180123,1.0,8605.0,0.0
310,9108931299,20180130,0.0,0.0,0.0
311,4351017383,20180129,18.0,0.0,4.0
312,7991074319,20180131,0.0,0.0,0.0
313,4345400999,20171115,0.0,0.0,46.0
314,5485727731,20171206,0.0,0.0,20.0
315,7991074391,20180129,6.0,0.0,3.0
316,7721434719,20180125,0.0,0.0,0.0
317,4367863851,20180102,1728.0,172800.0,5184.0
318,5485720831,20171210,0.0,0.0,0.0
319,5485719699,20180116,418.0,2926000.0,858.0
320,7721433623,20180111,6.0,0.0,4.0
321,8487511499,20171129,1.0,1.0,0.0
322,7721434695,20180115,6.0,0.0,5.0
323,4412801079,20171227,0.0,0.0,0.0
324,4356627795,20180210,0.0,0.0,0.0
325,5485718507,20180210,0.0,0.0,0.0
326,4356627711,20180125,152.0,404700.0,108.0
327,4345392871,20180124,6.0,60000.0,5.0
328,4373483631,20180110,32.0,4915.2,56.0
329,4367866223,20180125,0.0,0.0,0.0
330,5485723251,20180210,0.0,0.0,0.0
331,9000003411,20180126,0.0,0.0,0.0
332,6603578979,20180125,0.0,0.0,0.0
333,4363306811,20180125,0.0,0.0,0.0
334,4373481367,20180125,0.0,0.0,0.0
335,7721435875,20180125,0.0,0.0,0.0
336,6446439403,20180210,0.0,0.0,0.0
337,8951786087,20180210,0.0,0.0,0.0
338,8682153375,20180126,9.0,90120.0,0.0
339,7689288359,20180122,6.0,0.0,4.0
340,4345541727,20180125,0.0,0.0,0.0
341,4480358119,20180208,0.0,0.0,3.0
342,5328582411,20171225,0.0,0.0,0.0
343,4345541799,20180122,52.0,572000.0,152.0
344,4351158111,20180115,0.0,0.0,38.0
345,4351158147,20180202,594.0,2999700.0,13224.0
346,4339922127,20180129,99.0,0.0,75.0
347,6716075523,20180125,0.0,0.0,0.0
348,6716075511,20180125,0.0,0.0,0.0
349,6716075547,20180206,1.0,1976.3,3.0
350,7833932503,20171209,0.0,0.0,3.0
351,8487505695,20171128,0.0,0.0,0.0
352,8487502263,20171128,1.0,20000.0,0.0
353,8487501167,20171219,0.0,0.0,0.0
354,4373631331,20171220,0.0,0.0,28.0
355,4328692863,20180125,0.0,0.0,0.0
356,5598218531,20171121,0.0,0.0,0.0
357,7833931323,20180122,27.0,0.0,10.0
358,4334309211,20171203,0.0,0.0,0.0
359,4328691803,20171219,0.0,0.0,4.0
360,4328691791,20180125,0.0,0.0,0.0
361,4345542919,20180125,0.0,0.0,0.0
362,4411322115,20171126,0.0,0.0,0.0
363,5328583579,20180125,0.0,0.0,0.0
364,4480360335,20180206,0.0,0.0,0.0
365,8951787231,20180210,0.0,0.0,0.0
366,4351154523,20171228,0.0,0.0,4.0
367,8646437167,20180115,2.0,154.0,0.0
368,5328577739,20171227,0.0,0.0,204.0
369,4830358163,20180130,688.0,1184318.04,680.0
370,4362388255,20180130,0.0,0.0,0.0
371,4328684699,20180202,52.0,0.0,132.0
372,6446433599,20180113,0.0,0.0,0.0
373,4362387171,20171227,0.0,0.0,5888.0
374,7176800059,20180210,0.0,0.0,0.0
375,4328682531,20180102,36.0,384242.22,36.0
376,4334304623,20180119,0.0,0.0,0.0
377,4345539427,20180211,105.0,0.0,215.0
378,6446434827,20180109,0.0,0.0,8.0
379,4368007975,20180210,0.0,0.0,0.0
380,4345538295,20180112,52.0,0.0,46.0
381,5328578931,20171123,450.0,0.0,1640.0
382,4328685867,20171204,68.0,0.0,184.0
383,5328577787,20180119,480.0,2911776.0,432.0
384,8444647527,20180105,0.0,0.0,0.0
385,5328577799,20180208,418.0,2926000.0,770.0
386,4356787235,20180210,28.0,245533.12,112.0
387,8444649911,20180112,3.0,0.0,0.0
388,5598227743,20180125,0.0,0.0,0.0
389,4368023171,20180126,0.0,0.0,0.0
390,4356788295,20180128,3696.0,573650.0,2075.0
391,4368022015,20180110,0.0,0.0,0.0
392,4345552347,20180129,3870.0,0.0,1859.0
393,4345551167,20180125,0.0,0.0,0.0
394,8723217443,20180125,0.0,0.0,0.0
395,8723217431,20171219,1.0,20000.0,0.0
396,4362403427,20180210,0.0,0.0,0.0
397,4328699847,20180210,26.0,2609.36,87.0
398,4351173211,20180205,36.0,0.0,55.0
399,4334321963,20171206,0.0,0.0,0.0
400,5598229043,20180125,0.0,0.0,0.0
401,5598229055,20180110,12.0,0.0,8.0
402,8228582419,20171123,0.0,0.0,0.0
403,8985721947,20180209,0.0,0.0,0.0
404,8103576631,20180205,0.0,0.0,0.0
405,8103575499,20180204,14.0,130860.0,16.0
406,4368023267,20180126,0.0,0.0,0.0
407,8951792831,20180108,0.0,0.0,0.0
408,5598221987,20171127,0.0,0.0,0.0
409,4345546507,20180120,636.0,52121729.58,1524.0
410,4345547531,20180129,42.0,0.0,33.0
411,4339929123,20180125,0.0,0.0,0.0
412,5598220735,20180131,0.0,0.0,0.0
413,8951790663,20180201,0.0,0.0,0.0
414,8757151135,20180125,2.0,20101.0,0.0
415,6716076691,20171206,0.0,0.0,0.0
416,4328693079,20180129,120.0,192000.0,600.0
417,8757151207,20180125,0.0,0.0,0.0
418,4328698727,20180111,1344.0,67200.0,1600.0
419,4362403355,20180211,0.0,0.0,0.0
420,4356784803,20180210,0.0,0.0,0.0
421,5598222143,20180125,0.0,0.0,0.0
422,9053574423,20180201,0.0,0.0,0.0
423,4328697559,20180129,19.0,1081214.0,21.0
424,4368017427,20180206,0.0,0.0,140.0
425,9053575483,20180119,0.0,0.0,0.0
426,4345548711,20180129,384.0,0.0,252.0
427,6716079039,20171127,0.0,0.0,0.0
428,5598222107,20171215,0.0,0.0,0.0
429,8951793999,20180108,0.0,0.0,0.0
430,8142863783,20180103,0.0,0.0,0.0
431,4362372083,20171217,56.0,6160.0,96.0
432,4371973239,20180210,0.0,0.0,0.0
433,4339903391,20171201,74.0,740000.0,144.0
434,9260719691,20180209,0.0,0.0,0.0
435,4339902307,20180125,1092.0,3076710.0,1224.0
436,7076793963,20180207,0.0,0.0,0.0
437,7025005635,20180125,0.0,0.0,0.0
438,4362370855,20180125,0.0,0.0,0.0
439,5907148679,20180206,0.0,0.0,0.0
440,4334284755,20180129,210.0,0.0,120.0
441,8142861495,20180211,3.0,1279.38,0.0
442,4362370795,20180209,6.0,0.0,0.0
443,4339905715,20180207,1520.0,0.0,1067.0
444,4339905703,20180129,384.0,0.0,312.0
445,7025009247,20180203,0.0,0.0,9.0
446,4345523219,20180126,368.0,0.0,408.0
447,8471429059,20180202,8.0,100956.855,0.0
448,8471429047,20180128,2.0,15000.0,0.0
449,4519660431,20180211,0.0,0.0,0.0
450,5907150063,20180112,22.0,0.0,14.0
451,4334167447,20180206,11880.0,231408540.0,19712.0
452,8471433611,20171127,0.0,0.0,0.0
453,8757146391,20171224,3.0,30000.0,0.0
454,4339904583,20180112,132.0,0.0,78.0
455,8757146415,20180210,0.0,0.0,0.0
456,8471432419,20180128,0.0,0.0,0.0
457,4351132415,20180125,0.0,0.0,0.0
458,4328662711,20180205,4.0,90000.0,2.0
459,4345515031,20171116,3.0,150.0,0.0
460,4356748775,20180125,0.0,0.0,0.0
461,4345514935,20180204,20.0,11000.0,12.0
462,8757148763,20180125,0.0,0.0,0.0
463,4519651195,20180106,680.0,34000000.0,5200.0
464,9107143015,20180123,1.0,200.0,0.0
465,4356748739,20180210,0.0,0.0,0.0
466,4373599855,20180131,0.0,0.0,0.0
467,7523218587,20180210,0.0,0.0,0.0
468,9260717379,20180208,0.0,0.0,0.0
469,4334282503,20180203,87.0,1363000.0,160.0
470,7732144095,20180129,16.0,0.0,6.0
471,9260717391,20180211,3.0,0.0,0.0
472,4789290555,20171214,0.0,0.0,0.0
473,4407307035,20180102,132.0,13200.0,264.0
474,4372390547,20180207,66.0,0.0,99.0
475,9260717331,20180202,1.0,1.0,0.0
476,8400005711,20180210,0.0,0.0,0.0
477,8253575499,20180112,10.0,0.0,3.0
478,9260716223,20180202,1.0,10000.0,0.0
479,4343353403,20180210,0.0,0.0,0.0
480,4351148755,20180125,0.0,0.0,0.0
481,8412507043,20180210,0.0,0.0,0.0
482,5058935959,20180210,0.0,0.0,0.0
483,8412507923,20171206,0.0,0.0,0.0
484,5058936031,20180114,0.0,0.0,0.0
485,5058935947,20180104,0.0,0.0,40.0
486,6446431299,20180210,0.0,0.0,0.0
487,6176797551,20180120,76.0,653600.0,420.0
488,5328574355,20180129,540.0,0.0,540.0
489,4339917311,20180116,612.0,0.0,756.0
490,4328681291,20180203,216.0,0.0,192.0
491,8412510427,20171208,0.0,0.0,0.0
492,4362783563,20171127,0.0,0.0,0.0
493,4334298651,20171208,0.0,0.0,0.0
494,4372335939,20180210,0.0,0.0,0.0
495,8412509307,20180112,2.0,0.0,0.0
496,4345328895,20180112,78.0,0.0,63.0
497,8891073187,20180131,2.0,550.0,0.0
498,4339914963,20180112,52.0,0.0,54.0
499,4356766247,20171120,0.0,0.0,36.0
500,4334159199,20180208,0.0,0.0,84.0
501,6780362667,20180210,0.0,0.0,0.0
502,4345525519,20180208,0.0,0.0,60.0
503,4362378863,20180206,0.0,0.0,210.0
504,4339907003,20180131,64.0,0.0,63.0
505,4345524423,20180129,192.0,0.0,198.0
506,8412502215,20171206,0.0,0.0,0.0
507,8605366223,20180103,0.0,0.0,0.0
508,8412501119,20171121,0.0,0.0,0.0
509,4339907943,20171130,0.0,0.0,64.0
510,4339906811,20180129,72.0,0.0,60.0
511,4339906835,20180112,69.0,0.0,57.0
512,8221440632,20171128,0.0,0.0,0.0
513,8491074356,20180205,0.0,0.0,0.0
514,8221440644,20180125,0.0,0.0,0.0
515,5137503368,20171227,0.0,0.0,2.0
516,4372299832,20180125,0.0,0.0,0.0
517,8491074296,20180130,3.0,300000.0,0.0
518,4363269680,20180210,0.0,0.0,0.0
519,8221440584,20180125,0.0,0.0,0.0
520,7373217340,20180129,12.0,0.0,9.0
521,4351071960,20180204,0.0,0.0,0.0
522,9298220756,20180206,0.0,0.0,0.0
523,6255359264,20180211,0.0,0.0,0.0
524,4363268452,20180129,232.0,0.0,198.0
525,8491073236,20171229,1.0,50000.0,0.0
526,8491072080,20180129,3.0,0.0,0.0
527,8871429092,20180105,0.0,0.0,0.0
528,8491072104,20171128,1.0,10000.0,0.0
529,7373215148,20180205,30.0,15121.2,42.0
530,4373539484,20180125,0.0,0.0,0.0
531,4407248748,20180130,80.0,990000.0,162.0
532,8221442944,20171122,0.0,0.0,0.0
533,6255362732,20180125,0.0,0.0,0.0
534,4345456888,20180210,0.0,0.0,0.0
535,6255362624,20171119,0.0,0.0,5.0
536,5137505644,20180210,0.0,0.0,0.0
537,8491076596,20180205,0.0,0.0,0.0
538,8491076620,20180130,0.0,0.0,0.0
539,5137504548,20171123,0.0,0.0,0.0
540,7103584772,20171204,0.0,0.0,0.0
541,7373218568,20171130,0.0,0.0,0.0
542,4356690572,20180209,34.0,176800.0,74.0
543,8221435912,20180110,0.0,0.0,0.0
544,8221435924,20171123,0.0,0.0,0.0
545,8221434768,20180208,3.0,0.0,5.0
546,4867863876,20171215,0.0,0.0,0.0
547,4336223260,20180210,400.0,1469207.125,330.0
548,6482149800,20180210,0.0,0.0,0.0
549,4381210436,20180110,0.0,0.0,0.0
550,4367917344,20180211,0.0,0.0,0.0
551,5716086012,20180210,0.0,0.0,0.0
552,4339830232,20180118,0.0,0.0,0.0
553,4356682516,20180209,2366.0,19302844.62,3175.0
554,7103576608,20171122,0.0,0.0,0.0
555,8221433564,20180129,10.0,0.0,5.0
556,4373533680,20171210,0.0,0.0,0.0
557,8221433588,20180125,0.0,0.0,0.0
558,7373214028,20171128,0.0,0.0,2.0
559,8491072020,20171212,0.0,0.0,0.0
560,4356686104,20180125,0.0,0.0,0.0
561,8221437140,20171208,0.0,0.0,0.0
562,4373537244,20171115,0.0,0.0,0.0
563,4351068540,20180124,333.0,0.0,649.0
564,4542887244,20180211,0.0,0.0,0.0
565,7103579100,20180210,0.0,0.0,0.0
566,8221436104,20180206,0.0,0.0,0.0
567,8221436092,20171116,0.0,0.0,1.0
568,4356685912,20180211,165.0,14039808.09,165.0
569,6339287148,20180112,24.0,0.0,15.0
570,4362302236,20180210,0.0,0.0,0.0
571,4351083580,20171130,0.0,0.0,12.0
572,5407147640,20180210,0.0,0.0,0.0
573,8760718532,20180211,0.0,0.0,0.0
574,4363282468,20180211,384.0,5760000.0,1826.0
575,8900002280,20180205,2.0,26000.0,0.0
576,7642862612,20180129,8.0,0.0,6.0
577,8491084760,20171217,0.0,0.0,0.0
578,5137513868,20171207,0.0,0.0,0.0
579,5137512712,20180206,0.0,0.0,0.0
580,9289289488,20180205,0.0,0.0,0.0
581,4345463824,20171226,0.0,0.0,0.0
582,4334228948,20180204,126.0,8194200.0,55.0
583,8491083652,20171128,1.0,20000.0,0.0
584,6525008112,20180210,0.0,0.0,0.0
585,5407151168,20171210,0.0,0.0,0.0
586,4373555668,20171227,0.0,0.0,0.0
587,8760721940,20180210,0.0,0.0,0.0
588,4351085844,20180122,2160.0,2160000.0,4536.0
589,4345467436,20180129,111.0,0.0,87.0
590,6457150976,20180211,594.0,2160555.961,357.0
591,9010716200,20180131,0.0,0.0,0.0
592,5407149904,20180210,0.0,0.0,0.0
593,4334231380,20171228,0.0,0.0,180.0
594,4407251072,20171214,0.0,0.0,0.0
595,6525000008,20180121,7.0,14140.0,12.0
596,8491079040,20180206,0.0,0.0,0.0
597,8491078968,20180125,0.0,0.0,0.0
598,5369646376,20180210,0.0,0.0,0.0
599,7373221904,20180125,0.0,0.0,0.0
600,4363279096,20180210,315.0,4221000.0,1536.0
601,7642859288,20171226,4.0,0.0,4.0
602,5407145340,20180130,0.0,0.0,20.0
603,4345462728,20180129,784.0,0.0,420.0
604,5407146424,20180211,0.0,0.0,0.0
605,4373549924,20171125,0.0,0.0,0.0
606,7642859192,20171228,4.0,0.0,4.0
607,7642859204,20180126,0.0,0.0,0.0
608,8760716232,20180127,1.0,20000.01,0.0
609,8514291688,20180103,1.0,100000.0,0.0
610,5407144148,20180110,0.0,0.0,0.0
611,7642858132,20171208,2.0,40000.0,2.0
612,8760715124,20171222,1.0,7000.0,0.0
613,8221446496,20180207,4.0,0.0,4.0
614,4367930180,20180211,3230.0,39461590.0,3819.0
615,8760715040,20171228,1.0,49000.0,0.0
616,8800007044,20180127,9.0,9000.0,0.0
617,5446437176,20180210,0.0,0.0,0.0
618,8800007960,20180211,0.0,0.0,0.0
619,8800007948,20171229,0.0,0.0,0.0
620,6564294096,20180125,0.0,0.0,0.0
621,4362283584,20180115,0.0,0.0,0.0
622,4328578980,20180116,426.0,1192800.0,651.0
623,4328579028,20180125,0.0,0.0,0.0
624,8751794164,20180125,0.0,0.0,0.0
625,4345430192,20180209,864.0,12087711.36,696.0
626,7682149860,20180123,0.0,0.0,1.0
627,5446440536,20180210,0.0,0.0,0.0
628,8810723200,20180115,0.0,0.0,0.0
629,4598217376,20180210,0.0,0.0,0.0
630,9069643080,20180119,1.0,1000.0,0.0
631,9069643068,20180124,0.0,0.0,0.0
632,4345434792,20180125,0.0,0.0,0.0
633,7951786040,20171222,0.0,0.0,1.0
634,4328581340,20180210,0.0,0.0,0.0
635,9144644164,20180205,0.0,0.0,0.0
636,8900006844,20180203,4.0,20000.0,0.0
637,7682145344,20180129,6.0,0.0,6.0
638,7682145332,20180201,36.0,0.0,56.0
639,4345427748,20180125,0.0,0.0,0.0
640,6564289412,20180208,12.0,56000.0,6.0
641,7682145236,20180205,0.0,0.0,0.0
642,4367895236,20180211,47.0,0.0,884.0
643,7682144152,20180108,0.0,0.0,1.0
644,4362840620,20171127,0.0,0.0,0.0
645,4339807004,20180125,0.0,0.0,0.0
646,7682143068,20180115,0.0,0.0,1.0
647,4345425496,20180210,0.0,0.0,0.0
648,7682144092,20180126,0.0,0.0,0.0
649,7682148704,20180118,6.0,0.0,14.0
650,7682148692,20171124,15.0,733320.0,12.0
651,9276787240,20180204,0.0,0.0,0.0
652,8800004576,20180125,0.0,0.0,0.0
653,6564290628,20180122,0.0,0.0,0.0
654,8800004624,20180126,4.0,56666.6667,0.0
655,4334194172,20180206,0.0,0.0,0.0
656,5446433612,20171209,49.0,4900.0,28.0
657,4335694124,20180125,0.0,0.0,0.0
658,8800004540,20180125,0.0,0.0,0.0
659,5446432480,20180112,90.0,0.0,60.0
660,5446432468,20171210,0.0,0.0,0.0
661,4367897572,20180110,0.0,0.0,0.0
662,7103572116,20180126,0.0,0.0,50.0
663,4367913756,20171221,0.0,0.0,48.0
664,7951796408,20171126,0.0,0.0,0.0
665,4867859264,20180205,0.0,0.0,3.0
666,4412852260,20180208,0.0,0.0,0.0
667,5716081376,20180210,0.0,0.0,0.0
668,8453576680,20171212,0.0,0.0,0.0
669,4356678856,20180207,0.0,0.0,0.0
670,4345442812,20180210,0.0,0.0,0.0
671,4598223240,20171225,0.0,0.0,0.0
672,8221432480,20180126,0.0,0.0,0.0
673,8221432528,20180108,1.0,5000.0,3.0
674,9339289484,20180209,1.0,10000.0,0.0
675,5985718484,20180129,6.0,0.0,14.0
676,4367915092,20180113,272.0,0.0,224.0
677,4373531392,20180130,1422.0,11344253.85,1584.0
678,7951797588,20180116,0.0,0.0,0.0
679,9339288328,20180209,0.0,0.0,0.0
680,7951796492,20180210,0.0,0.0,0.0
681,8523217356,20180208,9.0,86992.9667,0.0
682,8221430252,20180125,0.0,0.0,0.0
683,9069647548,20180208,0.0,0.0,0.0
684,5716076680,20180207,28.0,1401400.0,65.0
685,8523216188,20180208,0.0,0.0,0.0
686,7951789496,20171123,0.0,0.0,0.0
687,4373524300,20180125,0.0,0.0,0.0
688,5716075452,20180210,0.0,0.0,0.0
689,6833931324,20180113,24.0,168048.0,20.0
690,4373523168,20180125,0.0,0.0,0.0
691,4362288292,20180201,432.0,0.0,1353.0
692,6833931408,20180128,27.0,473927.85,27.0
693,4598218460,20180210,0.0,0.0,0.0
694,4362293952,20180129,1122.0,0.0,1328.0
695,4367910408,20171205,0.0,0.0,12.0
696,4339823272,20171127,0.0,0.0,0.0
697,9069649848,20180123,0.0,0.0,0.0
698,5716078968,20180210,0.0,0.0,0.0
699,6537506868,20171115,0.0,0.0,20.0
700,5716077848,20180129,1330.0,0.0,700.0
701,7951791808,20180210,0.0,0.0,0.0
702,5716078896,20171213,0.0,0.0,0.0
703,5716078908,20180113,0.0,0.0,0.0
704,7951791700,20180210,0.0,0.0,0.0
705,4362263764,20180129,106.0,0.0,200.0
706,8260717428,20171130,0.0,0.0,0.0
707,4334175496,20171130,20.0,294700.0,19.0
708,8698873172,20180206,0.0,0.0,0.0
709,8260717320,20171212,0.0,0.0,3.0
710,4345409204,20180125,0.0,0.0,0.0
711,8260717332,20171129,1.0,50600.0,0.0
712,4373496436,20180129,1116.0,5580000.0,1584.0
713,8260716236,20171115,1.0,80000.0,1.0
714,6873225568,20171127,0.0,0.0,0.0
715,8260716296,20171127,1.0,2000.0,1.0
716,8260721884,20171201,0.0,0.0,0.0
717,8260721932,20171127,0.0,0.0,0.0
718,4345413756,20180125,0.0,0.0,0.0
719,6025006840,20180125,0.0,0.0,0.0
720,4367880220,20171129,228.0,228.0,152.0
721,4339793084,20180129,1008.0,0.0,690.0
722,4373498736,20180115,462.0,23100000.0,2079.0
723,8523226604,20180209,0.0,0.0,0.0
724,4407196380,20180201,0.0,0.0,0.0
725,4351022084,20171225,0.0,0.0,0.0
726,4345369660,20180122,252.0,0.0,260.0
727,7991078900,20180202,0.0,0.0,0.0
728,9108935928,20180202,1.0,0.0,0.0
729,9108934808,20180130,0.0,0.0,0.0
730,7991078876,20180129,3.0,0.0,7.0
731,9108934724,20180123,1.0,10000.0,0.0
732,4367873152,20171125,0.0,0.0,0.0
733,8260715152,20171126,0.0,0.0,0.0
734,8260716176,20171212,0.0,0.0,0.0
735,4339789400,20180210,1855.0,30490767.5,1885.0
736,4345406820,20180210,0.0,0.0,0.0
737,7991081272,20180210,0.0,0.0,0.0
738,4356641756,20180129,285.0,0.0,371.0
739,6873222136,20180210,0.0,0.0,0.0
740,6873222124,20180118,0.0,0.0,0.0
741,8498223204,20171207,0.0,0.0,0.0
742,8530363772,20171202,0.0,0.0,0.0
743,4367891684,20180206,0.0,0.0,0.0
744,4345420836,20180126,0.0,0.0,0.0
745,4362273180,20171210,0.0,0.0,0.0
746,6025014920,20180125,0.0,0.0,0.0
747,6025014956,20171125,0.0,0.0,0.0
748,7412504576,20180131,56.0,409925.04,60.0
749,4356654592,20171203,0.0,0.0,13.0
750,4335671932,20180125,0.0,0.0,0.0
751,5900001100,20180125,0.0,0.0,0.0
752,4356659252,20180210,0.0,0.0,0.0
753,8530365060,20171203,0.0,0.0,0.0
754,7991080188,20171121,0.0,0.0,0.0
755,9332147536,20180209,0.0,0.0,0.0
756,4367893996,20180122,2108.0,16340162.0,3825.0
757,4407213792,20180206,0.0,0.0,0.0
758,4339804596,20180125,0.0,0.0,0.0
759,4334181300,20180201,822.0,32135468.02,10695.0
760,6025010392,20171122,0.0,0.0,3.0
761,8260724340,20171125,0.0,0.0,0.0
762,6025009296,20180125,0.0,0.0,0.0
763,8260723220,20171212,0.0,0.0,0.0
764,4362266268,20180210,0.0,0.0,0.0
765,4339797564,20171207,0.0,0.0,6.0
766,7142864012,20180210,0.0,0.0,0.0
767,4334184696,20180124,18.0,180000.0,30.0
768,7412503420,20171122,0.0,0.0,2.0
769,7860721928,20180210,0.0,0.0,0.0
770,4351035884,20171201,0.0,0.0,0.0
771,8530359196,20180114,15.0,1327339.23,0.0
772,8260725484,20171130,0.0,0.0,0.0
773,8260725520,20171216,0.0,0.0,0.0
774,4351035872,20171214,0.0,0.0,12.0
775,7412501180,20171212,4.0,0.0,9.0
776,4373475484,20180210,0.0,0.0,6480.0
777,7721429016,20180205,0.0,0.0,2.0
778,5485715092,20180111,0.0,0.0,16.0
779,4334152280,20180125,170.0,3382558.0,160.0
780,7182159292,20171129,0.0,0.0,0.0
781,7860716220,20180123,0.0,0.0,0.0
782,8569649900,20180207,0.0,0.0,0.0
783,4363293004,20171205,0.0,0.0,10.0
784,4412795304,20180210,630.0,1941162.3,512.0
785,4412795292,20171212,168.0,80000.0,2184.0
786,7721431340,20171227,0.0,0.0,0.0
787,5485718488,20180208,0.0,0.0,0.0
788,4336411492,20171218,0.0,0.0,1.0
789,8723223180,20180110,0.0,0.0,0.0
790,6603573252,20180124,10.0,200000.0,6.0
791,8569652344,20180130,0.0,0.0,0.0
792,6603572132,20180125,0.0,0.0,0.0
793,4356618480,20180210,0.0,0.0,0.0
794,4345383628,20180125,0.0,0.0,0.0
795,4339764028,20180129,387.0,0.0,518.0
796,7182155668,20171229,4.0,200000.0,16.0
797,8569646396,20180125,0.0,0.0,0.0
798,5216074396,20171205,0.0,0.0,0.0
799,7182153440,20180210,0.0,0.0,0.0
800,7451787164,20180122,3.0,0.0,0.0
801,7182154500,20171208,0.0,0.0,0.0
802,4367855752,20171215,0.0,0.0,52.0
803,8569649876,20171231,0.0,0.0,0.0
804,8569648732,20180201,3.0,0.0,0.0
805,8569647648,20180210,0.0,0.0,0.0
806,4367854500,20180207,190.0,64456208.0,360.0
807,7451791704,20180129,20.0,0.0,18.0
808,4339766232,20180202,442.0,0.0,425.0
809,5216076660,20180119,2.0,0.0,2.0
810,8498217424,20171129,0.0,0.0,0.0
811,4356634724,20180211,0.0,0.0,0.0
812,9108930220,20180123,1.0,0.0,0.0
813,7991074312,20180209,0.0,0.0,0.0
814,7991074300,20171227,1.0,23985.0,3.0
815,4637502288,20171115,0.0,0.0,10.0
816,5755359244,20180115,20.0,0.0,20.0
817,7991072036,20180210,0.0,0.0,0.0
818,7991072072,20180129,0.0,0.0,1.0
819,7721438348,20171129,0.0,0.0,0.0
820,6873215152,20180210,0.0,0.0,0.0
821,4369571884,20180102,0.0,0.0,8.0
822,4344919684,20180129,38.0,0.0,150.0
823,4345397632,20180125,0.0,0.0,0.0
824,6603581308,20180122,14.0,700520.59,25.0
825,9108933592,20180130,1.0,500.0,0.0
826,7991076672,20171128,0.0,0.0,0.0
827,6873219716,20180210,0.0,0.0,0.0
828,9108932520,20180204,0.0,0.0,0.0
829,9108932544,20180124,1.0,20120.0,0.0
830,6537500004,20180210,0.0,0.0,0.0
831,7991075432,20180210,0.0,0.0,0.0
832,4373487212,20171205,0.0,0.0,24.0
833,5485727808,20180211,24.0,255114.81,36.0
834,4334166260,20180207,52.0,429000.0,104.0
835,4339782524,20180211,888.0,12703950.0,976.0
836,7991074360,20171123,0.0,0.0,0.0
837,4367869708,20180125,0.0,0.0,0.0
838,7991074348,20180205,0.0,0.0,0.0
839,4345394104,20180210,0.0,0.0,0.0
840,4356629992,20180125,0.0,0.0,0.0
841,7721434772,20171228,4.0,0.0,6.0
842,4351010464,20180203,594.0,0.0,741.0
843,6771435860,20171219,0.0,0.0,0.0
844,7689286052,20180125,0.0,0.0,0.0
845,4345392948,20180210,0.0,0.0,0.0
846,4373480144,20180109,336.0,1680000.0,448.0
847,5485718560,20180115,0.0,0.0,5.0
848,4367866204,20180129,30.0,0.0,30.0
849,4334162672,20180211,10.0,420000.0,0.0
850,4362248700,20171210,0.0,0.0,0.0
851,4345396440,20180201,0.0,0.0,0.0
852,7721436060,20171116,0.0,0.0,0.0
853,5485722148,20180210,0.0,0.0,0.0
854,7721436000,20180125,0.0,0.0,0.0
855,8408936092,20180210,0.0,0.0,0.0
856,8714529116,20180125,0.0,0.0,0.0
857,6603578888,20180201,16.0,160000.0,24.0
858,7721435868,20180101,4.0,0.0,8.0
859,4362247568,20180125,0.0,0.0,0.0
860,7833929112,20180117,48.0,360000.0,363.0
861,4345542864,20180129,1785.0,0.0,783.0
862,5598216188,20171130,0.0,0.0,0.0
863,8487503436,20180125,1.0,0.0,0.0
864,5598215104,20180125,0.0,0.0,0.0
865,4356776644,20180211,16.0,160000.0,36.0
866,8682151164,20180207,3.0,0.0,0.0
867,4344782508,20180205,0.0,0.0,0.0
868,4356776572,20180129,99.0,0.0,111.0
869,4407331304,20180205,0.0,0.0,0.0
870,8487502340,20171226,1.0,50000.0,0.0
871,6716075528,20180125,0.0,0.0,0.0
872,6716075516,20171227,54.0,5400.0,90.0
873,4356780160,20171228,72.0,1533600.0,88.0
874,8487501148,20180205,0.0,0.0,0.0
875,5598218452,20180209,36960.0,0.0,107730.0
876,4351161584,20180210,0.0,0.0,0.0
877,4351161596,20171116,0.0,0.0,48.0
878,4412953384,20171122,0.0,0.0,0.0
879,8951788260,20180208,1.0,10000.0,0.0
880,6716074348,20180105,0.0,0.0,2.0
881,8951787164,20180210,0.0,0.0,0.0
882,8951787200,20180206,3.0,160000.0,0.0
883,4363302312,20171221,0.0,0.0,1.0
884,7007145308,20171220,9.0,90000.0,20.0
885,6446433640,20180209,4.0,32000.0,8.0
886,8412513828,20171122,0.0,0.0,0.0
887,8487504508,20180125,0.0,0.0,0.0
888,4351154516,20180110,483.0,48300.0,588.0
889,4356771972,20180125,0.0,0.0,0.0
890,4328684692,20180129,530.0,0.0,335.0
891,8682147552,20171220,0.0,0.0,0.0
892,5058942900,20180125,0.0,0.0,0.0
893,8130357036,20180129,0.0,0.0,0.0
894,6446431388,20180122,24.0,387132.0,40.0
895,4345535856,20180129,16789.0,0.0,5947.0
896,8412512612,20180125,0.0,0.0,0.0
897,8723219616,20180210,0.0,0.0,0.0
898,5328579092,20180126,0.0,0.0,0.0
899,4351157948,20180125,0.0,0.0,0.0
900,4345538348,20171127,0.0,0.0,136.0
901,5328578984,20171225,0.0,0.0,0.0
902,4345538252,20180129,876.0,0.0,748.0
903,4345538288,20180112,56.0,0.0,50.0
904,4328686016,20180115,504.0,26799228.0,336.0
905,8444646496,20180211,19.0,78468.4767,0.0
906,4328685860,20180129,312.0,0.0,300.0
907,4356772080,20180210,5720.0,48125000.0,3978.0
908,8103574384,20180125,0.0,0.0,0.0
909,4351170856,20171217,14.0,0.0,92.0
910,4750004516,20171124,0.0,0.0,80.0
911,8103573288,20171227,0.0,0.0,1.0
912,8723218532,20171221,0.0,0.0,0.0
913,5867860400,20180126,0.0,0.0,0.0
914,4328700044,20171204,1.0,1000.0,1.0
915,8103573252,20180124,0.0,0.0,0.0
916,8103572120,20180205,4.0,40694.56,4.0
917,8103572108,20180131,3.0,0.0,6.0
918,4750002240,20180130,0.0,0.0,0.0
919,8103573156,20180130,6.0,0.0,4.0
920,8723219676,20171229,0.0,0.0,0.0
921,8103576660,20171116,0.0,0.0,0.0
922,4362407972,20180125,0.0,0.0,0.0
923,4362407996,20180127,0.0,0.0,10.0
924,4351173156,20171201,34.0,0.0,18.0
925,6985719608,20180115,2.0,19998.0,0.0
926,4750005660,20180210,0.0,0.0,0.0
927,8103576600,20171129,0.0,0.0,0.0
928,4339937196,20180129,828.0,0.0,690.0
929,5598227796,20171225,0.0,0.0,0.0
930,5598228856,20180123,0.0,0.0,6.0
931,4334319680,20180126,0.0,0.0,0.0
932,4390486100,20171221,8.0,0.0,8.0
933,9053577716,20180129,3.0,0.0,0.0
934,8951791752,20180210,0.0,0.0,0.0
935,8951791800,20180205,3.0,15057.635,0.0
936,9053572044,20180211,0.0,0.0,0.0
937,4371841740,20180125,0.0,0.0,6.0
938,5598219680,20180125,0.0,0.0,0.0
939,4339928936,20180112,387.0,0.0,511.0
940,5598219728,20171125,0.0,0.0,0.0
941,7007149884,20180125,0.0,0.0,0.0
942,4750001084,20180210,0.0,0.0,0.0
943,8471434700,20171127,0.0,0.0,0.0
944,4407341756,20180207,0.0,0.0,0.0
945,6985715068,20180211,72.0,1092000.0,40.0
946,6985715092,20180207,6.0,88354.0,6.0
947,8723215052,20171219,0.0,0.0,0.0
948,6716080224,20180205,0.0,0.0,0.0
949,5867857028,20180210,350.0,4395833.333000001,312.0
950,8400014892,20180210,0.0,0.0,0.0
951,8228580244,20171118,0.0,0.0,0.0
952,8400013832,20171203,0.0,0.0,0.0
953,8400012712,20171206,0.0,0.0,0.0
954,8400012736,20171121,0.0,0.0,0.0
955,4351136104,20180113,420.0,42000.0,520.0
956,9260719720,20180203,1.0,1.0,0.0
957,9260718576,20180209,0.0,0.0,0.0
958,4362370860,20180110,0.0,0.0,0.0
959,9260718504,20180208,0.0,0.0,0.0
960,9260718552,20180205,1.0,5000.0,0.0
961,5955358084,20180209,72.0,1981080.0,108.0
962,7507150060,20171129,0.0,0.0,0.0
963,8757147588,20180211,0.0,0.0,0.0
964,4345522044,20180112,30.0,0.0,69.0
965,8757146468,20180125,0.0,0.0,0.0
966,4328670772,20180111,4158.0,124740000.0,15708.0
967,7025008180,20180125,0.0,0.0,0.0
968,4345521008,20180129,259.0,0.0,220.0
969,4373608156,20180129,16.0,0.0,20.0
970,8142865064,20180125,0.0,0.0,0.0
971,4519660412,20180201,0.0,0.0,0.0
972,4339903456,20180125,0.0,0.0,0.0
973,4339903444,20180106,360.0,9391168.8,640.0
974,8142864968,20171116,0.0,0.0,0.0
975,4356749864,20180125,0.0,0.0,0.0
976,4519653416,20180210,0.0,0.0,0.0
977,9260714012,20180202,0.0,0.0,0.0
978,4334280196,20180125,0.0,0.0,0.0
979,5637509252,20171222,6.0,0.0,10.0
980,4373601088,20180211,0.0,0.0,0.0
981,8400011508,20180207,0.0,0.0,0.0
982,4519652332,20180208,0.0,0.0,0.0
983,4519652236,20180129,0.0,0.0,0.0
984,4345512736,20180129,42.0,0.0,39.0
985,7076787248,20180116,2.0,10248.0,2.0
986,4351130192,20180205,7.0,10500.0,28.0
987,4362690608,20180210,0.0,0.0,0.0
988,7025003460,20171207,0.0,0.0,12.0
989,8142860464,20180125,0.0,0.0,0.0
990,8142860452,20171205,0.0,0.0,0.0
991,8142861488,20180204,0.0,0.0,0.0
992,6296435832,20180125,0.0,0.0,0.0
993,5907146384,20171218,0.0,0.0,0.0
994,4328664004,20180129,495.0,0.0,975.0
995,7025003388,20180125,0.0,0.0,0.0
996,4328664896,20180210,0.0,0.0,0.0
997,8400005728,20171212,0.0,0.0,0.0
998,8142859248,20180129,20.0,0.0,6.0
999,4339898772,20180129,343.0,0.0,365.0
